"Dacentrurus,""armatus"","""""
"Stegosaurus,""stenops"",""type"""
"Stegosaurus,""ungulatus"","""""
"Stegosaurus,""sulcatus"","""""
"Wuerhosaurus,""homheni"",""type"""
"Wuerhosaurus,""ordosensis"","""""
"Edmontonia,""longiceps"",""type"""
"Edmontonia,""rugosidens"","""""
"Nodosaurus,""textilis"","""""
"Struthiosaurus,""austriacus"",""type"""
"Struthiosaurus,""transylvanicus"","""""
"Struthiosaurus,""languedocensis"","""""
"Ankylosaurus,""magniventris"","""""
"Euoplocephalus,""tutus"","""""
"Scolosaurus,""cutleri"",""type"""
"Scolosaurus,""thronus"","""""
"Tarchia,""kielanae"",""type"""
"Tarchia,""teresae"","""""
"Tarchia,""tumanovae"","""""
"Hypsilophodon,""foxii"","""""
"Kulindadromeus,""zabaikalicus"","""""
"Nanosaurus,""agilis"","""""
"Haya,""griva"","""""
"Thescelosaurus,""neglectus"",""type"""
"Thescelosaurus,""garbanii"","""""
"Thescelosaurus,""assiniboiensis"","""""
"Dracorex,""hogwartsia"","""""
"Pachycephalosaurus,""wyomingensis"",""type"""
"Pachycephalosaurus,""spinifer"","""""
"Stegoceras,""validum"",""type"""
"Stegoceras,""novomexicanum"","""""
"Stygimoloch,""spinifer"","""""
"Sphaerotholus,""goodwini"",""type"""
"Sphaerotholus,""buchholtzae"","""""
"Sphaerotholus,""edmontonensis"","""""
"Sphaerotholus,""lyonsi"","""""
"Sphaerotholus,""triregnum"","""""
"Beg,""tse"","""""
"Psittacosaurus,""mongoliensis"",""type"""
"Psittacosaurus,""sinensis"","""""
"Psittacosaurus,""meileyingensis"","""""
"Psittacosaurus,""xinjiangensis"","""""
"Psittacosaurus,""sattayaraki"","""""
"Psittacosaurus,""neimongoliensis"","""""
"Psittacosaurus,""ordosensis"","""""
"Psittacosaurus,""mazongshanensis"","""""
"Psittacosaurus,""sibiricus"","""""
"Psittacosaurus,""lujiatunensis"","""""
"Psittacosaurus,""gobiensis"","""""
"Psittacosaurus,""amitabha"","""""
"Leptoceratops,""gracilis"","""""
"Zhuchengceratops,""inexpectus"","""""
"Breviceratops,""kozlowskii"","""""
"Protoceratops,""andrewsi"",""type"""
"Protoceratops,""hellenikorhinus"","""""
"Chasmosaurus,""belli"",""type"""
"Chasmosaurus,""russelli"","""""
"Pentaceratops,""sternbergii"","""""
"Titanoceratops,""ouranos"","""""
"Torosaurus,""latus"",""type"""
"Torosaurus,""utahensis"","""""
"Triceratops,""horridus"",""type"""
"Triceratops,""prorsus"","""""
"Utahceratops,""gettyi"","""""
"Pachyrhinosaurus,""canadensis"",""type"""
"Pachyrhinosaurus,""lakustai"","""""
"Pachyrhinosaurus,""perotorum"","""""
"Styracosaurus,""albertensis"",""type"""
"Styracosaurus,""ovatus"","""""
"Morrosaurus,""antarcticus"","""""
"Tenontosaurus,""tilletti"",""type"""
"Tenontosaurus,""dossi"","""""
"Zalmoxes,""robustus"",""type"""
"Zalmoxes,""shqiperorum"","""""
"Dryosaurus,""altus"",""type"""
"Dryosaurus,""elderae"","""""
"Camptosaurus,""dispar"","""""
"Ouranosaurus,""nigeriensis"","""""
"Gobihadros,""mongoliensis"","""""
"Telmatosaurus,""transsylvanicus"","""""
"Edmontosaurus,""regalis"",""type"""
"Edmontosaurus,""annectens"","""""
"Gryposaurus,""notabilis"",""type"""
"Gryposaurus,""latidens"","""""
"Gryposaurus,""monumentensis"","""""
"Gryposaurus,""incurvimanus"","""""
"Prosaurolophus,""maximus"","""""
"Saurolophus,""osborni"",""type"""
"Saurolophus,""angustirostris"","""""
"Shantungosaurus,""giganteus"","""""
"Amurosaurus,""riabinini"","""""
"Corythosaurus,""casuarius"",""type"""
"Corythosaurus,""intermedius"","""""
"Hypacrosaurus,""altispinus"",""type"""
"Hypacrosaurus,""stebingeri"","""""
"Lambeosaurus,""lambei"",""type"""
"Lambeosaurus,""magnicristatus"","""""
"Magnapaulia,""laticaudus"","""""
"Olorotitan,""arharensis"","""""
"Parasaurolophus,""walkeri"",""type"""
"Parasaurolophus,""tubicen"","""""
"Parasaurolophus,""cyrtocristatus"","""""
"Tsintaosaurus,""spinorhinus"","""""
"Issi,""saaneq"","""""
"Plateosaurus,""trossingensis"",""type"""
"Plateosaurus,""gracilis"","""""
"Plateosaurus,""longiceps"","""""
"Camelotia,""borealis"","""""
"Riojasaurus,""incertus"","""""
"Shunosaurus,""lii"",""type"""
"Shunosaurus,""jiangyiensis"","""""
"Zby,""atlanticus"","""""
"Mamenchisaurus,""constructus"",""type"""
"Mamenchisaurus,""hochuanensis"","""""
"Mamenchisaurus,""sinocanadorum"","""""
"Mamenchisaurus,""youngi"","""""
"Mamenchisaurus,""anyuensis"","""""
"Mamenchisaurus,""jingyanensis"","""""
"Mamenchisaurus,""yunnanensis"","""""
"Omeisaurus,""junghsiensis"",""type"""
"Omeisaurus,""changshouensis"","""""
"Omeisaurus,""fuxiensis"","""""
"Omeisaurus,""tianfuensis"","""""
"Omeisaurus,""luoquanensis"","""""
"Omeisaurus,""maoianus"","""""
"Omeisaurus,""jiaoi"","""""
"Omeisaurus,""puxiani"","""""
"Zigongosaurus,""fuxiensis"","""""
"Haplocanthosaurus,""priscus"",""type"""
"Haplocanthosaurus,""delfsi"","""""
"Dicraeosaurus,""hansemanni"",""type"""
"Dicraeosaurus,""sattleri"","""""
"Brachytrachelopan,""mesai"","""""
"Maraapunisaurus,""fragillimus"","""""
"Sidersaura,""marae"","""""
"Amphicoelias,""altus"","""""
"Apatosaurus,""ajax"",""type"""
"Apatosaurus,""louisae"","""""
"Barosaurus,""lentus"","""""
"Brontosaurus,""excelsus"",""type"""
"Brontosaurus,""parvus"","""""
"Brontosaurus,""yahnahpin"","""""
"Dinheirosaurus,""lourinhanensis"","""""
"Diplodocus,""carnegii"",""type"""
"Diplodocus,""hallorum"","""""
"Galeamopus,""hayi"",""type"""
"Galeamopus,""pabsti"","""""
"Supersaurus,""vivianae"","""""
"Tornieria,""africana"","""""
"Brachiosaurus,""altithorax"","""""
"Giraffatitan,""brancai"","""""
"Lusotitan,""atalaiensis"","""""
"Camarasaurus,""supremus"",""type"""
"Camarasaurus,""grandis"","""""
"Camarasaurus,""lentus"","""""
"Dongbeititan,""dongi"","""""
"Sauroposeidon,""proteles"","""""
"Ruyangosaurus,""giganteus"","""""
"Titanosaurus,""indicus"","""""
"Dreadnoughtus,""schrani"","""""
"Magyarosaurus,""dacus"","""""
"Petrustitan,""hungaricus"","""""
"Nemegtosaurus,""mongoliensis"","""""
"Paralititan,""stromeri"","""""
"Saltasaurus,""loricatus"","""""
"Antarctosaurus,""wichmannianus"",""type"""
"Antarctosaurus,""giganteus"","""""
"Austroposeidon,""magnificus"","""""
"Argentinosaurus,""huinculensis"","""""
"Patagotitan,""mayorum"","""""
"Puertasaurus,""reuili"","""""
"Liliensternus,""liliensterni"","""""
"Coelophysis,""bauri"","""""
"Bahariasaurus,""ingens"","""""
"Ceratosaurus,""nasicornis"",""type"""
"Ceratosaurus,""dentisulcatus"","""""
"Ceratosaurus,""magnicornis"","""""
"Deltadromeus,""agilis"","""""
"Kiyacursor,""longipes"","""""
"Carnotaurus,""sastrei"","""""
"Megalosaurus,""bucklandii"","""""
"Torvosaurus,""tanneri"",""type"""
"Torvosaurus,""gurneyi"","""""
"Baryonyx,""walkeri"","""""
"Oxalaia,""quilombensis"","""""
"Irritator,""challengeri"","""""
"Sigilmassasaurus,""brevicollis"","""""
"Spinosaurus,""aegyptiacus"",""type"""
"Spinosaurus,""maroccanus"","""""
"Gasosaurus,""constructus"","""""
"Sinraptor,""dongi"",""type"""
"Sinraptor,""hepingensis"","""""
"Allosaurus,""fragilis"",""type"""
"Allosaurus,""europaeus"","""""
"Allosaurus,""jimmadseni"","""""
"Epanterias,""amplexus"","""""
"Saurophaganax,""maximus"","""""
"Yangchuanosaurus,""shangyouensis"",""type"""
"Yangchuanosaurus,""zigongensis"","""""
"Acrocanthosaurus,""atokensis"","""""
"Carcharodontosaurus,""saharicus"",""type"""
"Carcharodontosaurus,""iguidensis"","""""
"Giganotosaurus,""carolinii"","""""
"Mapusaurus,""roseae"","""""
"Meraxes,""gigas"","""""
"Tyrannotitan,""chubutensis"","""""
"Taurovenator,""violantei"","""""
"Compsognathus,""longipes"","""""
"Sinosauropteryx,""prima"","""""
"Coelurus,""fragilis"","""""
"Dilong,""paradoxus"","""""
"Kileskus,""aristotocus"","""""
"Alioramus,""remotus"",""type"""
"Alioramus,""altai"","""""
"Daspletosaurus,""torosus"",""type"""
"Daspletosaurus,""horneri"","""""
"Daspletosaurus,""wilsoni"","""""
"Albertosaurus,""sarcophagus"","""""
"Yutyrannus,""huali"","""""
"Dynamoterror,""dynastes"","""""
"Gorgosaurus,""libratus"","""""
"Lythronax,""argestes"","""""
"Nanuqsaurus,""hoglundi"","""""
"Qianzhousaurus,""sinensis"","""""
"Tarbosaurus,""bataar"","""""
"Teratophoneus,""curriei"","""""
"Thanatotheristes,""degrootorum"","""""
"Tyrannosaurus,""rex"",""type"""
"Tyrannosaurus,""mcraeensis "","""""
"Zhuchengtyrannus,""magnus"","""""
"Labocania,""anomala"",""type"""
"Labocania,""aguillonae"","""""
"Ornithomimus,""velox"",""type"""
"Ornithomimus,""edmontonicus"","""""
"Struthiomimus,""altus"",""type"""
"Struthiomimus,""sedens"","""""
"Parvicursor,""remotus"","""""
"Beipiaosaurus,""inexpectus"","""""
"Imperobator,""antarcticus"","""""
"Epidexipteryx,""hui"","""""
"Yi,""qi"","""""
"Avimimus,""portentosus"",""type"""
"Avimimus,""nemegtensis"","""""
"Kol,""ghuva"","""""
"Caudipteryx,""zoui"",""type"""
"Caudipteryx,""dongi"","""""
"Banji,""long"","""""
"Citipati,""osmolskae"","""""
"Oviraptor,""philoceratops"","""""
"Anzu,""wyliei"","""""
"Nomingia,""gobiensis"","""""
"Balaur,""bondoc"","""""
"Achillobator,""giganticus"","""""
"Austroraptor,""cabazai"","""""
"Dakotaraptor,""steini"","""""
"Dromaeosaurus,""albertensis"","""""
"Kuru,""kulla"","""""
"Microraptor,""zhaoianus"",""type"""
"Microraptor,""gui"","""""
"Microraptor,""hanqingi"","""""
"Shri,""devi"","""""
"Utahraptor,""ostrommaysi"","""""
"Velociraptor,""mongoliensis"",""type"""
"Velociraptor,""osmolskae"","""""
"Mei,""long"","""""
"Pectinodon,""bakkeri"","""""
"Troodon,""formosus"","""""
"Zanabazar,""junior"","""""
"Tuojiangosaurus,""multispinus"","""""
"Alamosaurus,""sanjuanensis"","""""
"Asiatyrannus,""xui"","""""
"Australotitan,""cooperensis"","""""
"Huanghetitan,""liujiaxiaensis"",""type"""
"Huanghetitan,""ruyangensis"","""""
"Xinjiangtitan,""shanshanesis"","""""
"Ulughbegsaurus,""uzbekistanensis"","""""
